firstName,lastName,email,password
John,Doe,john@gmail.com,apple123
John,Cena,cena@gmail.com,jg_sr32
Spongebob,Squarepants,spongebob@gmail.com,2623gwe
Patrick,Starfish,patrick@gmail.com,325Fgdd
Pink,Panther,pink@gmail.com,34ngrwwe8
Rick,Astley,never@gmail.com,nevergonnagiveyouup